n_insert	n_wt	n_other	perc_guide	perc_Ins	sample
1376	68609	34	76.05387497963395	1.9661356004858184	clones_HAP1_B1
218	15402	7	76.16239399551613	1.3956466069142126	clones_HAP1_B2
906	42644	15	76.21188531042807	2.0803673938002296	clones_HAP1_B3
447	26426	11	76.05307080822654	1.663379600342351	clones_HAP1_B4
202	21281	1	76.35769121410293	0.9402783596331984	clones_HAP1_B5
159	131331	33	76.9995901879281	0.12092174309833448	clones_HAP1_B6
37	71781	21	76.80851063829788	0.0515191177699184	clones_HAP1_B7
1	17	0	24.324324324324326	5.555555555555555	clones_HAP1_B8
1647	164356	63	76.15191312960857	0.992150744263658	clones_HAP1_C1
200	101663	34	76.55384846549717	0.19634214582331172	clones_HAP1_C2
1348	81206	27	76.40234255738433	1.632870605906437	clones_HAP1_C3
638	100289	38	76.60005462490895	0.632140061628702	clones_HAP1_C4
657	33750	18	76.54592755653393	1.9094951608684279	clones_HAP1_C5
715	113354	31	77.10240902794202	0.6268135952800498	clones_HAP1_C6
1092	105726	30	76.65564220479672	1.0222996124248722	clones_HAP1_C7
203	11844	4	77.12146422628952	1.68506682161534	clones_HAP1_C8
1	22975	25	72.96808578135905	0.004352367688022284	clones_HEK293T_G1
2639	87101	58	76.26351414473405	2.940717628705148	clones_HEK293T_G2
607	18534	23	72.64594389689158	3.171203176427564	clones_HEK293T_G3
2	27371	24	76.13661627389952	0.007306469879077924	clones_HEK293T_G4
586	19094	15	75.49448022079117	2.977642276422764	clones_HEK293T_G5
607	19027	13	76.35240167884346	3.0915758378323317	clones_HEK293T_G6
379	19387	14	75.51924251679903	1.9174339775371851	clones_HEK293T_G7
296	19544	13	75.7025738798856	1.4919354838709677	clones_HEK293T_G8
69	7007	12	62.91496538256701	0.975127190503109	clones_HEK293T_H1
728	40429	30	76.00620052040082	1.7688364069295623	clones_HEK293T_H2
545	33355	22	75.71367988750754	1.607669616519174	clones_HEK293T_H3
900	43474	23	76.15004631058969	2.028214720331726	clones_HEK293T_H4
18	1440	1	59.3089430894309	1.2345679012345678	clones_HEK293T_H5
1265	44002	26	71.4919342109417	2.7945302317361436	clones_HEK293T_H6
21	4276	3	73.40389211334927	0.4887130556202001	clones_HEK293T_H7
0	9030	5	74.58312696054152	0	clones_HEK293T_H8
